Delta Test,T,Method,Repeat,Estimated_R_delta,True_R_delta,MSE
0.1,500,LDR2PE-CP,0,0.5359276305384765,0.4053099105768362,0.017060988767977483
0.1,500,DRO-IPW,0,0.49811457404811554,0.4053099105768362,0.008612705562017414
0.1,500,LDR2PE-CP,1,0.25002246235972225,0.4053099105768362,0.02411419157378284
0.1,500,DRO-IPW,1,0.2639023345113283,0.4053099105768362,0.019996102568722408
0.1,500,LDR2PE-CP,2,0.5640447357834287,0.4053099105768362,0.02519674473336749
0.1,500,DRO-IPW,2,0.5476924480263725,0.4053099105768362,0.020272786970568616
0.1,500,LDR2PE-CP,3,0.5947003294639308,0.4053099105768362,0.03586873076622917
0.1,500,DRO-IPW,3,0.5649774125930456,0.4053099105768362,0.025493711200096227
0.1,500,LDR2PE-CP,4,0.521610841223408,0.4053099105768362,0.013525906469258695
0.1,500,DRO-IPW,4,0.4862240095729701,0.4053099105768362,0.006547091416356155
0.1,500,LDR2PE-CP,5,0.3428093704263619,0.4053099105768362,0.003906317519101049
0.1,500,DRO-IPW,5,0.39260245993859566,0.4053099105768362,0.00016147930172331952
0.1,500,LDR2PE-CP,6,0.4685555420985769,0.4053099105768362,0.004000009906583805
0.1,500,DRO-IPW,6,0.5251401188202288,0.4053099105768362,0.014359278807654844
0.1,500,LDR2PE-CP,7,0.5863047105856911,0.4053099105768362,0.032759117630245395
0.1,500,DRO-IPW,7,0.5342014372952415,0.4053099105768362,0.01661302565980139
0.1,500,LDR2PE-CP,8,0.3150473909795325,0.4053099105768362,0.008147322444053633
0.1,500,DRO-IPW,8,0.3384466476669581,0.4053099105768362,0.00447069592695548
0.1,500,LDR2PE-CP,9,0.5091936926633613,0.4053099105768362,0.010791840180600644
0.1,500,DRO-IPW,9,0.42698879366728826,0.4053099105768362,0.0004699739720494888
0.1,500,LDR2PE-CP,10,0.4116970668179877,0.4053099105768362,4.079576484888046e-05
0.1,500,DRO-IPW,10,0.4775703010286624,0.4053099105768362,0.005221564028250374
0.1,500,LDR2PE-CP,11,0.45049476092803986,0.4053099105768362,0.002041670701260671
0.1,500,DRO-IPW,11,0.41886431005794617,0.4053099105768362,0.00018372174529351448
0.1,500,LDR2PE-CP,12,0.3333057812667783,0.4053099105768362,0.005184594637699539
0.1,500,DRO-IPW,12,0.39516576606479636,0.4053099105768362,0.00010290366788114762
0.1,500,LDR2PE-CP,13,0.4423056815966916,0.4053099105768362,0.0013686870733535732
0.1,500,DRO-IPW,13,0.40177533435739554,0.4053099105768362,1.2493229051035314e-05
0.1,500,LDR2PE-CP,14,0.41374129092097356,0.4053099105768362,7.108817450750606e-05
0.1,500,DRO-IPW,14,0.3913628874570875,0.4053099105768362,0.0001945194539028036
0.1,500,LDR2PE-CP,15,0.5600098003654437,0.4053099105768362,0.023932055900607305
0.1,500,DRO-IPW,15,0.5270171661348524,0.4053099105768362,0.014812656055464266
0.1,500,LDR2PE-CP,16,0.4822773693455298,0.4053099105768362,0.005923989709310549
0.1,500,DRO-IPW,16,0.4987395836453205,0.4053099105768362,0.008729103809683864
0.1,500,LDR2PE-CP,17,0.5054724000504592,0.4053099105768362,0.010032524297553648
0.1,500,DRO-IPW,17,0.4839421461126737,0.4053099105768362,0.006183028465363431
0.1,500,LDR2PE-CP,18,0.47668634855097725,0.4053099105768362,0.005094595897876406
0.1,500,DRO-IPW,18,0.46233128588602357,0.4053099105768362,0.0032514372421512047
0.1,500,LDR2PE-CP,19,0.3468722221854204,0.4053099105768362,0.00341496342453221
0.1,500,DRO-IPW,19,0.34330909484158023,0.4053099105768362,0.003844101151837162
0.1,1000,LDR2PE-CP,0,0.5260965368504732,0.4053099105768362,0.014589409086567258
0.1,1000,DRO-IPW,0,0.5274064454646737,0.4053099105768362,0.014907563831616934
0.1,1000,LDR2PE-CP,1,0.4692042776797662,0.4053099105768362,0.0040824901474839845
0.1,1000,DRO-IPW,1,0.4836833087682342,0.4053099105768362,0.006142389544067426
0.1,1000,LDR2PE-CP,2,0.4048859894437754,0.4053099105768362,1.7970912705553418e-07
0.1,1000,DRO-IPW,2,0.44959555531148665,0.4053099105768362,0.0019612183295636743
0.1,1000,LDR2PE-CP,3,0.4116141098540652,0.4053099105768362,3.9742928527014994e-05
0.1,1000,DRO-IPW,3,0.43290152964640305,0.4053099105768362,0.0007612974428800858
0.1,1000,LDR2PE-CP,4,0.3714492338285571,0.4053099105768362,0.0011465454298514477
0.1,1000,DRO-IPW,4,0.3632661318954795,0.4053099105768362,0.0017676793258069015
0.1,1000,LDR2PE-CP,5,0.554154641031848,0.4053099105768362,0.022154753784225115
0.1,1000,DRO-IPW,5,0.5408939821257839,0.4053099105768362,0.018383040457790167
0.1,1000,LDR2PE-CP,6,0.35168078664610347,0.4053099105768362,0.0028760829335778885
0.1,1000,DRO-IPW,6,0.4084861090574307,0.4053099105768362,1.0088236788130985e-05
0.1,1000,LDR2PE-CP,7,0.3746796294688727,0.4053099105768362,0.0009382141207528662
0.1,1000,DRO-IPW,7,0.39877183062044574,0.4053099105768362,4.274648951615443e-05
0.1,1000,LDR2PE-CP,8,0.41960053151255206,0.4053099105768362,0.0002042218467283207
0.1,1000,DRO-IPW,8,0.4843890803657672,0.4053099105768362,0.006253515094506583
0.1,1000,LDR2PE-CP,9,0.43463105333025526,0.4053099105768362,0.0008597294123663797
0.1,1000,DRO-IPW,9,0.44684185281844985,0.4053099105768362,0.0017249022263607333
0.1,1000,LDR2PE-CP,10,0.44349715561354824,0.4053099105768362,0.0014582656834938898
0.1,1000,DRO-IPW,10,0.48455608348864143,0.4053099105768362,0.006279955921167735
0.1,1000,LDR2PE-CP,11,0.3985455308204362,0.4053099105768362,4.575683348879392e-05
0.1,1000,DRO-IPW,11,0.4318081636684735,0.4053099105768362,0.0007021574169084676
0.1,1000,LDR2PE-CP,12,0.43182774210754854,0.4053099105768362,0.0007031953890912423
0.1,1000,DRO-IPW,12,0.4649163199575117,0.4053099105768362,0.0035529240392566824
0.1,1000,LDR2PE-CP,13,0.4202409901602293,0.4053099105768362,0.00022293713752561902
0.1,1000,DRO-IPW,13,0.4534406052898001,0.4053099105768362,0.0023165637735525347
0.1,1000,LDR2PE-CP,14,0.46098455487819623,0.4053099105768362,0.0030996660180829623
0.1,1000,DRO-IPW,14,0.5280439636566211,0.4053099105768362,0.01506364778539146
0.1,1000,LDR2PE-CP,15,0.5036331304184083,0.4053099105768362,0.009667455560014119
0.1,1000,DRO-IPW,15,0.4972378904302195,0.4053099105768362,0.008450753479924047
0.1,1000,LDR2PE-CP,16,0.5496893349494807,0.4053099105768362,0.020845418182176174
0.1,1000,DRO-IPW,16,0.6053321820846074,0.4053099105768362,0.040008909099128534
0.1,1000,LDR2PE-CP,17,0.4105269829882986,0.4053099105768362,2.7217844546442194e-05
0.1,1000,DRO-IPW,17,0.42358867513008325,0.4053099105768362,0.00033411323359304126
0.1,1000,LDR2PE-CP,18,0.5439643092957755,0.4053099105768362,0.019225042284110615
0.1,1000,DRO-IPW,18,0.5799743128126282,0.4053099105768362,0.03050765340838656
0.1,1000,LDR2PE-CP,19,0.6102331326007571,0.4053099105768362,0.041993526924665174
0.1,1000,DRO-IPW,19,0.5692898063036835,0.4053099105768362,0.02688940620258773
0.1,2000,LDR2PE-CP,0,0.3615410619285254,0.4053099105768362,0.0019157121119987351
0.1,2000,DRO-IPW,0,0.3945314688059242,0.4053099105768362,0.00011617480700894002
0.1,2000,LDR2PE-CP,1,0.3614350733502981,0.4053099105768362,0.0019250013416552104
0.1,2000,DRO-IPW,1,0.4149643428038521,0.4053099105768362,9.320806162604313e-05
0.1,2000,LDR2PE-CP,2,0.4135689160795233,0.4053099105768362,6.82111718934158e-05
0.1,2000,DRO-IPW,2,0.462918285828759,0.4053099105768362,0.003318724899166352
0.1,2000,LDR2PE-CP,3,0.3863135308684706,0.4053099105768362,0.00036086244202440416
0.1,2000,DRO-IPW,3,0.4051273859056568,0.4053099105768362,3.331525558915067e-08
0.1,2000,LDR2PE-CP,4,0.46032398671309505,0.4053099105768362,0.0030265485731260865
0.1,2000,DRO-IPW,4,0.4953200715996884,0.4053099105768362,0.00810182908735978
0.1,2000,LDR2PE-CP,5,0.3535304740304315,0.4053099105768362,0.002681110049063152
0.1,2000,DRO-IPW,5,0.4117573957654105,0.4053099105768362,4.157006525688495e-05
0.1,2000,LDR2PE-CP,6,0.354936381459408,0.4053099105768362,0.0025374924357443873
0.1,2000,DRO-IPW,6,0.40431565772290423,0.4053099105768362,9.885387375518354e-07
0.1,2000,LDR2PE-CP,7,0.5232402491519387,0.4053099105768362,0.013907564756438307
0.1,2000,DRO-IPW,7,0.5275462681291099,0.4053099105768362,0.014941727107647297
0.1,2000,LDR2PE-CP,8,0.4406760680347169,0.4053099105768362,0.0012507650933356097
0.1,2000,DRO-IPW,8,0.47913561829757645,0.4053099105768362,0.005450235120468169
0.1,2000,LDR2PE-CP,9,0.41521690176715,0.4053099105768362,9.814847444495518e-05
0.1,2000,DRO-IPW,9,0.4688818189608772,0.4053099105768362,0.004041387535588906
0.1,2000,LDR2PE-CP,10,0.4094271937158901,0.4053099105768362,1.695202044713759e-05
0.1,2000,DRO-IPW,10,0.4713851015384427,0.4053099105768362,0.004365930860612768
0.1,2000,LDR2PE-CP,11,0.4051076218033887,0.4053099105768362,4.0920747862880896e-08
0.1,2000,DRO-IPW,11,0.45032945847066563,0.4053099105768362,0.0020267596925648036
0.1,2000,LDR2PE-CP,12,0.413547813313604,0.4053099105768362,6.786304150044694e-05
0.1,2000,DRO-IPW,12,0.456673545890645,0.4053099105768362,0.0026382230326499495
0.1,2000,LDR2PE-CP,13,0.4779654320967869,0.4053099105768362,0.005278824807336018
0.1,2000,DRO-IPW,13,0.5689626850444165,0.4053099105768362,0.026782230590936706
0.1,2000,LDR2PE-CP,14,0.3372695350314023,0.4053099105768362,0.00462949270436368
0.1,2000,DRO-IPW,14,0.42268786010934956,0.4053099105768362,0.0003019931299545817
0.1,2000,LDR2PE-CP,15,0.36032774474818935,0.4053099105768362,0.002023395242635883
0.1,2000,DRO-IPW,15,0.42265271562474516,0.4053099105768362,0.0003007728869297769
0.1,2000,LDR2PE-CP,16,0.4282473625578564,0.4053099105768362,0.0005261267033816079
0.1,2000,DRO-IPW,16,0.4708752888460057,0.4053099105768362,0.0042988188275792875
0.1,2000,LDR2PE-CP,17,0.4614378178386096,0.4053099105768362,0.0031503419735862364
0.1,2000,DRO-IPW,17,0.49750151672704057,0.4053099105768362,0.008499292244554403
0.1,2000,LDR2PE-CP,18,0.4337973875277982,0.4053099105768362,0.0008115363430315905
0.1,2000,DRO-IPW,18,0.4234816547474676,0.4053099105768362,0.0003302122862028758
0.1,2000,LDR2PE-CP,19,0.44177756408948576,0.4053099105768362,0.0013298897527186631
0.1,2000,DRO-IPW,19,0.48930190028094733,0.4053099105768362,0.007054654334455513
0.1,3000,LDR2PE-CP,0,0.3677468003642609,0.4053099105768362,0.001410987248842079
0.1,3000,DRO-IPW,0,0.43100343290751597,0.4053099105768362,0.0006601570897571408
0.1,3000,LDR2PE-CP,1,0.388277095514186,0.4053099105768362,0.00029011678895844343
0.1,3000,DRO-IPW,1,0.4485813238958919,0.4053099105768362,0.0018724152106285516
0.1,3000,LDR2PE-CP,2,0.370488563090967,0.4053099105768362,0.001212526240731648
0.1,3000,DRO-IPW,2,0.4505863620507765,0.4053099105768362,0.002049957058072073
0.1,3000,LDR2PE-CP,3,0.38555335996946094,0.4053099105768362,0.0003903212919017792
0.1,3000,DRO-IPW,3,0.4591119838725001,0.4053099105768362,0.0028946630909119893
0.1,3000,LDR2PE-CP,4,0.3984026797316508,0.4053099105768362,4.7709837948680726e-05
0.1,3000,DRO-IPW,4,0.474660067844763,0.4053099105768362,0.004809444313086182
0.1,3000,LDR2PE-CP,5,0.453382888361756,0.4053099105768362,0.002311011193109394
0.1,3000,DRO-IPW,5,0.5062070164714747,0.4053099105768362,0.010180225977913899
0.1,3000,LDR2PE-CP,6,0.37451393388493737,0.4053099105768362,0.0009483921804079753
0.1,3000,DRO-IPW,6,0.44401055047059756,0.4053099105768362,0.0014977395281865948
0.1,3000,LDR2PE-CP,7,0.39138303453326695,0.4053099105768362,0.0001939578763329427
0.1,3000,DRO-IPW,7,0.4336454579656286,0.4053099105768362,0.0008029032458225
0.1,3000,LDR2PE-CP,8,0.39811094948064,0.4053099105768362,5.1825040864545904e-05
0.1,3000,DRO-IPW,8,0.4603248728025965,0.4053099105768362,0.003026646068701833
0.1,3000,LDR2PE-CP,9,0.42974254798971034,0.4053099105768362,0.000596953770948978
0.1,3000,DRO-IPW,9,0.47998404066323364,0.4053099105768362,0.005576225704160209
0.1,3000,LDR2PE-CP,10,0.4433021997930593,0.4053099105768362,0.0014434140398891426
0.1,3000,DRO-IPW,10,0.49964992315814066,0.4053099105768362,0.008900037973840686
0.1,3000,LDR2PE-CP,11,0.4231659839023272,0.4053099105768362,0.00031883935460531106
0.1,3000,DRO-IPW,11,0.47145818084340707,0.4053099105768362,0.004375593659259306
0.1,3000,LDR2PE-CP,12,0.36890353927802744,0.4053099105768362,0.0013254238711467253
0.1,3000,DRO-IPW,12,0.4393512984630771,0.4053099105768362,0.0011588160892215082
0.1,3000,LDR2PE-CP,13,0.3919855437886127,0.4053099105768362,0.00017753875030711243
0.1,3000,DRO-IPW,13,0.39264733079027725,0.4053099105768362,0.00016034092685097095
0.1,3000,LDR2PE-CP,14,0.36671653369931834,0.4053099105768362,0.0014894487388101294
0.1,3000,DRO-IPW,14,0.4239406355386415,0.4053099105768362,0.00034710391260243473
0.1,3000,LDR2PE-CP,15,0.39086721412148023,0.4053099105768362,0.00020859148090155138
0.1,3000,DRO-IPW,15,0.4596080603308744,0.4053099105768362,0.002948289066711963
0.1,3000,LDR2PE-CP,16,0.3491037489304172,0.4053099105768362,0.0031591326070233828
0.1,3000,DRO-IPW,16,0.4095920024172439,0.4053099105768362,1.833631052968647e-05
0.1,3000,LDR2PE-CP,17,0.44489194725142855,0.4053099105768362,0.0015667376273087754
0.1,3000,DRO-IPW,17,0.4969052989778755,0.4053099105768362,0.008389715176337248
0.1,3000,LDR2PE-CP,18,0.39497786529877027,0.4053099105768362,0.00010675115962800418
0.1,3000,DRO-IPW,18,0.4467585493544747,0.4053099105768362,0.0017179896565191572
0.1,3000,LDR2PE-CP,19,0.3992438691644906,0.4053099105768362,3.679685841629142e-05
0.1,3000,DRO-IPW,19,0.4590467256889619,0.4053099105768362,0.00288764529839478
0.1,4000,LDR2PE-CP,0,0.410493011109772,0.4053099105768362,2.68645311345194e-05
0.1,4000,DRO-IPW,0,0.4303268545467078,0.4053099105768362,0.0006258474855916971
0.1,4000,LDR2PE-CP,1,0.3899689577715846,0.4053099105768362,0.00023534483297295715
0.1,4000,DRO-IPW,1,0.4098844547129391,0.4053099105768362,2.0926454053153616e-05
0.1,4000,LDR2PE-CP,2,0.3927502102734334,0.4053099105768362,0.00015774607171129663
0.1,4000,DRO-IPW,2,0.42177902948301105,0.4053099105768362,0.0002712318775457263
0.1,4000,LDR2PE-CP,3,0.40791120607752684,0.4053099105768362,6.766738281913467e-06
0.1,4000,DRO-IPW,3,0.44958627910451704,0.4053099105768362,0.0019603968099990076
0.1,4000,LDR2PE-CP,4,0.3735019139649345,0.4053099105768362,0.00101174864846275
0.1,4000,DRO-IPW,4,0.43673432888964403,0.4053099105768362,0.000987494066298333
0.1,4000,LDR2PE-CP,5,0.37659256294886523,0.4053099105768362,0.0008246860547857292
0.1,4000,DRO-IPW,5,0.443141705196762,0.4053099105768362,0.0014312446841642473
0.1,4000,LDR2PE-CP,6,0.3954683309221151,0.4053099105768362,9.685669010022028e-05
0.1,4000,DRO-IPW,6,0.4651403639434276,0.4053099105768362,0.0035796831500518717
0.1,4000,LDR2PE-CP,7,0.37734971470917045,0.4053099105768362,0.0007817725529582322
0.1,4000,DRO-IPW,7,0.4682208391721542,0.4053099105768362,0.003957784936725199
0.1,4000,LDR2PE-CP,8,0.3898472187710531,0.4053099105768362,0.0002390948378806312
0.1,4000,DRO-IPW,8,0.4328547731711655,0.4053099105768362,0.000758719455340482
0.1,4000,LDR2PE-CP,9,0.4349027009521043,0.4053099105768362,0.0008757332421945621
0.1,4000,DRO-IPW,9,0.4826142950109363,0.4053099105768362,0.005975967852735136
0.1,4000,LDR2PE-CP,10,0.38267371220200386,0.4053099105768362,0.0005123974768647617
0.1,4000,DRO-IPW,10,0.4532111182941979,0.4053099105768362,0.002294525700781835
0.1,4000,LDR2PE-CP,11,0.40508787940494173,0.4053099105768362,4.929784129282482e-08
0.1,4000,DRO-IPW,11,0.46606710430285725,0.4053099105768362,0.0036914365894612534
0.1,4000,LDR2PE-CP,12,0.4161089743377566,0.4053099105768362,0.00011661977811242501
0.1,4000,DRO-IPW,12,0.44673490107663083,0.4053099105768362,0.0017160298379080767
0.1,4000,LDR2PE-CP,13,0.465506813988701,0.4053099105768362,0.0036236671803773785
0.1,4000,DRO-IPW,13,0.5229813114995863,0.4053099105768362,0.013846558595122588
0.1,4000,LDR2PE-CP,14,0.4504822324391753,0.4053099105768362,0.0020405386624347596
0.1,4000,DRO-IPW,14,0.4985615532880612,0.4053099105768362,0.008695868868341962
0.1,4000,LDR2PE-CP,15,0.40744741086501723,0.4053099105768362,4.5689074819740675e-06
0.1,4000,DRO-IPW,15,0.4537887865301625,0.4053099105768362,0.0023502014136980026
0.1,4000,LDR2PE-CP,16,0.41989609408594764,0.4053099105768362,0.00021275674936147482
0.1,4000,DRO-IPW,16,0.4752433068936214,0.4053099105768362,0.004890679920400544
0.1,4000,LDR2PE-CP,17,0.39768801367380335,0.4053099105768362,5.809331240046148e-05
0.1,4000,DRO-IPW,17,0.44664750757526894,0.4053099105768362,0.001708796925604837
0.1,4000,LDR2PE-CP,18,0.38390727361718446,0.4053099105768362,0.0004580728688266499
0.1,4000,DRO-IPW,18,0.43943985910754313,0.4053099105768362,0.001164853386708705
0.1,4000,LDR2PE-CP,19,0.40181801270358136,0.4053099105768362,1.2193350757241559e-05
0.1,4000,DRO-IPW,19,0.4612318160384896,0.4053099105768362,0.003127259510462104
0.1,5000,LDR2PE-CP,0,0.44067363068997784,0.4053099105768362,0.0012505927002406192
0.1,5000,DRO-IPW,0,0.49783389962285557,0.4053099105768362,0.008560688548987914
0.1,5000,LDR2PE-CP,1,0.40108553584653184,0.4053099105768362,1.784534186203393e-05
0.1,5000,DRO-IPW,1,0.4783829993091124,0.4053099105768362,0.00533967629687511
0.1,5000,LDR2PE-CP,2,0.39993493897173726,0.4053099105768362,2.8890319755619677e-05
0.1,5000,DRO-IPW,2,0.47398961954676044,0.4053099105768362,0.004716902424193495
0.1,5000,LDR2PE-CP,3,0.4492230650354466,0.4053099105768362,0.0019283651345057776
0.1,5000,DRO-IPW,3,0.48666903868444866,0.4053099105768362,0.0066193077264308986
0.1,5000,LDR2PE-CP,4,0.39674619201214767,0.4053099105768362,7.333727565519074e-05
0.1,5000,DRO-IPW,4,0.4522057110903929,0.4053099105768362,0.0021992161058073086
0.1,5000,LDR2PE-CP,5,0.41890281608813806,0.4053099105768362,0.00018476708023918098
0.1,5000,DRO-IPW,5,0.4788432998569512,0.4053099105768362,0.00540715933902093
0.1,5000,LDR2PE-CP,6,0.3797107185130507,0.4053099105768362,0.0006553186343185769
0.1,5000,DRO-IPW,6,0.451040229445023,0.4053099105768362,0.002091262063786041
0.1,5000,LDR2PE-CP,7,0.4301867990071453,0.4053099105768362,0.0006188595779740471
0.1,5000,DRO-IPW,7,0.498484843618605,0.4053099105768362,0.008681568147338104
0.1,5000,LDR2PE-CP,8,0.4157594998298996,0.4053099105768362,0.00010919391555773895
0.1,5000,DRO-IPW,8,0.4872680685500532,0.4053099105768362,0.0067171396583628
0.1,5000,LDR2PE-CP,9,0.4303345699476979,0.4053099105768362,0.0006262335766276581
0.1,5000,DRO-IPW,9,0.44820986899245907,0.4053099105768362,0.0018404064320621729
0.1,5000,LDR2PE-CP,10,0.39812140759512793,0.4053099105768362,5.1674575118028484e-05
0.1,5000,DRO-IPW,10,0.46356090780389214,0.4053099105768362,0.003393178677946481
0.1,5000,LDR2PE-CP,11,0.3734687460725483,0.4053099105768362,0.0010138597569891215
0.1,5000,DRO-IPW,11,0.43489664624187274,0.4053099105768362,0.0008753749273127462
0.1,5000,LDR2PE-CP,12,0.41752248769294975,0.4053099105768362,0.00014914703981702072
0.1,5000,DRO-IPW,12,0.5134844804598251,0.4053099105768362,0.011701737569369649
0.1,5000,LDR2PE-CP,13,0.4397274131926854,0.4053099105768362,0.001184564486311986
0.1,5000,DRO-IPW,13,0.4967238214650871,0.4053099105768362,0.008356503103885077
0.1,5000,LDR2PE-CP,14,0.3939059547186402,0.4053099105768362,0.00013005020921568242
0.1,5000,DRO-IPW,14,0.4522856512031633,0.4053099105768362,0.0022067202073919575
0.1,5000,LDR2PE-CP,15,0.4040096813644386,0.4053099105768362,1.6905960047720458e-06
0.1,5000,DRO-IPW,15,0.44972708088923163,0.4053099105768362,0.0019728850185603435
0.1,5000,LDR2PE-CP,16,0.40294708903281146,0.4053099105768362,5.582925648907405e-06
0.1,5000,DRO-IPW,16,0.4531530996368078,0.4053099105768362,0.0022889707394281853
0.1,5000,LDR2PE-CP,17,0.3948532925625309,0.4053099105768362,0.00010934086029709428
0.1,5000,DRO-IPW,17,0.4474041305107796,0.4053099105768362,0.0017719233518471988
0.1,5000,LDR2PE-CP,18,0.3673441167543509,0.4053099105768362,0.001441401500571461
0.1,5000,DRO-IPW,18,0.43275776279113504,0.4053099105768362,0.0007533845911779903
0.1,5000,LDR2PE-CP,19,0.4268589072821555,0.4053099105768362,0.0004643592590058616
0.1,5000,DRO-IPW,19,0.4853153928880216,0.4053099105768362,0.006400877199845404
0.2,500,LDR2PE-CP,0,0.18383274344713596,0.23425445571869868,0.002542349068396259
0.2,500,DRO-IPW,0,0.17675997500542504,0.23425445571869868,0.0033056153124889956
0.2,500,LDR2PE-CP,1,0.3391108271663335,0.23425445571869868,0.010994858633164368
0.2,500,DRO-IPW,1,0.32206875568738136,0.23425445571869868,0.007711351278989782
0.2,500,LDR2PE-CP,2,0.334107044553401,0.23425445571869868,0.00997053949699212
0.2,500,DRO-IPW,2,0.3018155512552976,0.23425445571869868,0.004564501630105443
0.2,500,LDR2PE-CP,3,0.23727834938107462,0.23425445571869868,9.143932881357324e-06
0.2,500,DRO-IPW,3,0.2485515242977409,0.23425445571869868,0.00020440616995383653
0.2,500,LDR2PE-CP,4,0.40796511335386026,0.23425445571869868,0.030175392576040322
0.2,500,DRO-IPW,4,0.368625345654632,0.23425445571869868,0.018055536062174707
0.2,500,LDR2PE-CP,5,0.13973917382144505,0.23425445571869868,0.008933138512117321
0.2,500,DRO-IPW,5,0.16498175001252885,0.23425445571869868,0.004798707755853615
0.2,500,LDR2PE-CP,6,0.4023041918821739,0.23425445571869868,0.02824071382461364
0.2,500,DRO-IPW,6,0.40165057495690687,0.23425445571869868,0.028021460736012412
0.2,500,LDR2PE-CP,7,0.14797820444336396,0.23425445571869868,0.007443591534124697
0.2,500,DRO-IPW,7,0.1906868793294808,0.23425445571869868,0.001898133712430335
0.2,500,LDR2PE-CP,8,0.3391149102813494,0.23425445571869868,0.010995714931085731
0.2,500,DRO-IPW,8,0.2682148116655835,0.23425445571869868,0.001153305776039113
0.2,500,LDR2PE-CP,9,0.3808978206591014,0.23425445571869868,0.021504276481044127
0.2,500,DRO-IPW,9,0.3693623189961076,0.23425445571869868,0.018254134719387024
0.2,500,LDR2PE-CP,10,0.3620956456963488,0.23425445571869868,0.01634336985490162
0.2,500,DRO-IPW,10,0.36156374333940877,0.23425445571869868,0.016207654714492686
0.2,500,LDR2PE-CP,11,0.25935322633750635,0.23425445571869868,0.0006299482865755228
0.2,500,DRO-IPW,11,0.2818495460963993,0.23425445571869868,0.002265292628061488
0.2,500,LDR2PE-CP,12,0.15176591674684753,0.23425445571869868,0.0068043590617106065
0.2,500,DRO-IPW,12,0.22787930740898943,0.23425445571869868,4.0642515970788774e-05
0.2,500,LDR2PE-CP,13,0.3419429490745192,0.23425445571869868,0.011596811601246603
0.2,500,DRO-IPW,13,0.2891659931906785,0.23425445571869868,0.0030152769475366415
0.2,500,LDR2PE-CP,14,0.2420233957644486,0.23425445571869868,6.035642943445655e-05
0.2,500,DRO-IPW,14,0.20651795563550207,0.23425445571869868,0.0007693134368651658
0.2,500,LDR2PE-CP,15,0.20135311740329204,0.23425445571869868,0.0010824980629448456
0.2,500,DRO-IPW,15,0.1793345981484632,0.23425445571869868,0.003016190755534952
0.2,500,LDR2PE-CP,16,0.32255539156472535,0.23425445571869868,0.0077970552712841165
0.2,500,DRO-IPW,16,0.2924482575067797,0.23425445571869868,0.0033865185665504635
0.2,500,LDR2PE-CP,17,0.2007912118822333,0.23425445571869868,0.0011197886880587378
0.2,500,DRO-IPW,17,0.23854634795223867,0.23425445571869868,1.8420338944320835e-05
0.2,500,LDR2PE-CP,18,0.22457921146047566,0.23425445571869868,9.361035145627763e-05
0.2,500,DRO-IPW,18,0.2472024107521632,0.23425445571869868,0.0001676495395486192
0.2,500,LDR2PE-CP,19,0.3183323412001369,0.23425445571869868,0.007069090827029843
0.2,500,DRO-IPW,19,0.27079630630675067,0.23425445571869868,0.001335306844399515
0.2,1000,LDR2PE-CP,0,0.25223029003399444,0.23425445571869868,0.00032313061933096453
0.2,1000,DRO-IPW,0,0.2302329869935365,0.23425445571869868,1.6172210707457535e-05
0.2,1000,LDR2PE-CP,1,0.25242788344721045,0.23425445571869868,0.0003302734754034405
0.2,1000,DRO-IPW,1,0.2646937006113031,0.23425445571869868,0.0009265476296319437
0.2,1000,LDR2PE-CP,2,0.19572080921022927,0.23425445571869868,0.0014848419132396768
0.2,1000,DRO-IPW,2,0.23829271018038795,0.23425445571869868,1.6307499097353227e-05
0.2,1000,LDR2PE-CP,3,0.29593307081380793,0.23425445571869868,0.003804251560050638
0.2,1000,DRO-IPW,3,0.29697167209746,0.23425445571869868,0.003933449230300367
0.2,1000,LDR2PE-CP,4,0.2828140769551967,0.23425445571869868,0.0023580368146321517
0.2,1000,DRO-IPW,4,0.29085789022846276,0.23425445571869868,0.0032039487983011503
0.2,1000,LDR2PE-CP,5,0.3157931146762214,0.23425445571869868,0.006648552904591199
0.2,1000,DRO-IPW,5,0.34579081151054764,0.23425445571869868,0.012440358663325917
0.2,1000,LDR2PE-CP,6,0.2523272200788546,0.23425445571869868,0.00032662481161772216
0.2,1000,DRO-IPW,6,0.24907064343262952,0.23425445571869868,0.00021951941837443516
0.2,1000,LDR2PE-CP,7,0.17512616407037873,0.23425445571869868,0.003496154873248783
0.2,1000,DRO-IPW,7,0.23723668780835222,0.23425445571869868,8.893708236559295e-06
0.2,1000,LDR2PE-CP,8,0.1665590241195437,0.23425445571869868,0.00458267145939587
0.2,1000,DRO-IPW,8,0.21506111439471876,0.23425445571869868,0.0003683843511787956
0.2,1000,LDR2PE-CP,9,0.31920318546670506,0.23425445571869868,0.007216286685799824
0.2,1000,DRO-IPW,9,0.35028729321780583,0.23425445571869868,0.013463619378094205
0.2,1000,LDR2PE-CP,10,0.25353992365149264,0.23425445571869868,0.0003719292733868239
0.2,1000,DRO-IPW,10,0.24869910008256996,0.23425445571869868,0.00020864775079871813
0.2,1000,LDR2PE-CP,11,0.31425223002083935,0.23425445571869868,0.006399643893296237
0.2,1000,DRO-IPW,11,0.3533970839950014,0.23425445571869868,0.014194965872585251
0.2,1000,LDR2PE-CP,12,0.26975732118482204,0.23425445571869868,0.0012604534563056544
0.2,1000,DRO-IPW,12,0.3240886896228675,0.23425445571869868,0.008070189581148917
0.2,1000,LDR2PE-CP,13,0.18254869144789265,0.23425445571869868,0.0026734860588281616
0.2,1000,DRO-IPW,13,0.22944585986652893,0.23425445571869868,2.3122594069504127e-05
0.2,1000,LDR2PE-CP,14,0.2643758074015799,0.23425445571869868,0.000907295827203811
0.2,1000,DRO-IPW,14,0.26526915237385734,0.23425445571869868,0.0009619114086115096
0.2,1000,LDR2PE-CP,15,0.22776289652889165,0.23425445571869868,4.214034071476822e-05
0.2,1000,DRO-IPW,15,0.26093639230776605,0.23425445571869868,0.000711925740143012
0.2,1000,LDR2PE-CP,16,0.2451800928624565,0.23425445571869868,0.00011936954699706069
0.2,1000,DRO-IPW,16,0.31890124345229787,0.23425445571869868,0.007165078673616997
0.2,1000,LDR2PE-CP,17,0.1946655007995864,0.23425445571869868,0.0015672853515875057
0.2,1000,DRO-IPW,17,0.22268492516408012,0.23425445571869868,0.00013385403725425262
0.2,1000,LDR2PE-CP,18,0.24016411381696812,0.23425445571869868,3.4924058838441484e-05
0.2,1000,DRO-IPW,18,0.23481646894036012,0.23425445571869868,3.158588613222701e-07
0.2,1000,LDR2PE-CP,19,0.16293547189215968,0.23425445571869868,0.005086397454050132
0.2,1000,DRO-IPW,19,0.21324500432612054,0.23425445571869868,0.0004413970478171039
0.2,2000,LDR2PE-CP,0,0.28918090248999534,0.23425445571869868,0.0030169145549200846
0.2,2000,DRO-IPW,0,0.28847045270276866,0.23425445571869868,0.002939374328976685
0.2,2000,LDR2PE-CP,1,0.23367915748313917,0.23425445571869868,3.309680598378949e-07
0.2,2000,DRO-IPW,1,0.2943272568694504,0.23425445571869868,0.0036087414380977546
0.2,2000,LDR2PE-CP,2,0.2618912846010148,0.23425445571869868,0.000763794310670422
0.2,2000,DRO-IPW,2,0.2962772259815225,0.23425445571869868,0.003846824031075023
0.2,2000,LDR2PE-CP,3,0.20864227501320187,0.23425445571869868,0.0006559838004910231
0.2,2000,DRO-IPW,3,0.2297881206213137,0.23425445571869868,1.994814920213287e-05
0.2,2000,LDR2PE-CP,4,0.21403648918295443,0.23425445571869868,0.0004087661708404747
0.2,2000,DRO-IPW,4,0.25060864744416267,0.23425445571869868,0.0002674595869932347
0.2,2000,LDR2PE-CP,5,0.20511821550999443,0.23425445571869868,0.0008489204934993146
0.2,2000,DRO-IPW,5,0.27610363789265896,0.23425445571869868,0.0017513540486293144
0.2,2000,LDR2PE-CP,6,0.2639400640715645,0.23425445571869868,0.0008812353432797371
0.2,2000,DRO-IPW,6,0.2926195896200042,0.23425445571869868,0.003406488855317319
0.2,2000,LDR2PE-CP,7,0.26265943095243066,0.23425445571869868,0.000806842618028927
0.2,2000,DRO-IPW,7,0.3205719775382254,0.23425445571869868,0.007450714573064473
0.2,2000,LDR2PE-CP,8,0.19809185438699523,0.23425445571869868,0.0013077337350757207
0.2,2000,DRO-IPW,8,0.2633174640595944,0.23425445571869868,0.0008446584538229731
0.2,2000,LDR2PE-CP,9,0.2278110789312648,0.23425445571869868,4.151710442484196e-05
0.2,2000,DRO-IPW,9,0.28047601789303706,0.23425445571869868,0.0021364328098362278
0.2,2000,LDR2PE-CP,10,0.21399439113647406,0.23425445571869868,0.00041047021687591265
0.2,2000,DRO-IPW,10,0.2516220501495377,0.23425445571869868,0.00030163333631411045
0.2,2000,LDR2PE-CP,11,0.18756393831803442,0.23425445571869868,0.0021800044151417328
0.2,2000,DRO-IPW,11,0.22124864279278328,0.23425445571869868,0.00016915116986390824
0.2,2000,LDR2PE-CP,12,0.22126986747979432,0.23425445571869868,0.00016859953173389342
0.2,2000,DRO-IPW,12,0.2804938684144323,0.23425445571869868,0.0021380832864463712
0.2,2000,LDR2PE-CP,13,0.20761409565377587,0.23425445571869868,0.0007097087843887345
0.2,2000,DRO-IPW,13,0.25152043611569735,0.23425445571869868,0.00029811407906954235
0.2,2000,LDR2PE-CP,14,0.27380905420521473,0.23425445571869868,0.0015645662614294975
0.2,2000,DRO-IPW,14,0.3095634052581533,0.23425445571869868,0.00567143788073612
0.2,2000,LDR2PE-CP,15,0.27294299044219333,0.23425445571869868,0.0014968027190510513
0.2,2000,DRO-IPW,15,0.3304893190548238,0.23425445571869868,0.009261148921322682
0.2,2000,LDR2PE-CP,16,0.21047210441902275,0.23425445571869868,0.0005656002333411974
0.2,2000,DRO-IPW,16,0.24767789664270495,0.23425445571869868,0.00018018876624028627
0.2,2000,LDR2PE-CP,17,0.1996572915731758,0.23425445571869868,0.0011969637669122543
0.2,2000,DRO-IPW,17,0.27016418696459626,0.23425445571869868,0.001289508798152593
0.2,2000,LDR2PE-CP,18,0.24526706495513384,0.23425445571869868,0.0001212775621944169
0.2,2000,DRO-IPW,18,0.30538107658069413,0.23425445571869868,0.005058996195246046
0.2,2000,LDR2PE-CP,19,0.20817061674310428,0.23425445571869868,0.000680366655704738
0.2,2000,DRO-IPW,19,0.2500521426505461,0.23425445571869868,0.00024956691239666246
0.2,3000,LDR2PE-CP,0,0.20494169919689126,0.23425445571869868,0.0008592376949067638
0.2,3000,DRO-IPW,0,0.2614857444137127,0.23425445571869868,0.0007415430839911979
0.2,3000,LDR2PE-CP,1,0.21844921979980547,0.23425445571869868,0.00024980548245187215
0.2,3000,DRO-IPW,1,0.2761497544378716,0.23425445571869868,0.0017552160547687316
0.2,3000,LDR2PE-CP,2,0.24039467862389824,0.23425445571869868,3.770233732553726e-05
0.2,3000,DRO-IPW,2,0.2749531192047444,0.23425445571869868,0.0016563812095503918
0.2,3000,LDR2PE-CP,3,0.1949587705049468,0.23425445571869868,0.0015441508764182776
0.2,3000,DRO-IPW,3,0.23990246375349983,0.23425445571869868,3.1899994761178284e-05
0.2,3000,LDR2PE-CP,4,0.2632008138551136,0.23425445571869868,0.0008378916493615954
0.2,3000,DRO-IPW,4,0.30750547457562616,0.23425445571869868,0.005365711763577944
0.2,3000,LDR2PE-CP,5,0.22356679105897848,0.23425445571869868,0.00011422617587863228
0.2,3000,DRO-IPW,5,0.27725466962105505,0.23425445571869868,0.0018490183956484016
0.2,3000,LDR2PE-CP,6,0.2247819908096635,0.23425445571869868,8.972759145290314e-05
0.2,3000,DRO-IPW,6,0.24601441519413425,0.23425445571869868,0.00013829664686388675
0.2,3000,LDR2PE-CP,7,0.28969986003570825,0.23425445571869868,0.0030741928598766624
0.2,3000,DRO-IPW,7,0.2976764470333241,0.23425445571869868,0.004022348982312418
0.2,3000,LDR2PE-CP,8,0.19022950814801948,0.23425445571869868,0.001938196008601053
0.2,3000,DRO-IPW,8,0.24644289795878743,0.23425445571869868,0.00014855812423997963
0.2,3000,LDR2PE-CP,9,0.20293528008474426,0.23425445571869868,0.0009808907623904844
0.2,3000,DRO-IPW,9,0.2195652472727172,0.23425445571869868,0.00021577284476949373
0.2,3000,LDR2PE-CP,10,0.23469740070175454,0.23425445571869868,1.9620025801435576e-07
0.2,3000,DRO-IPW,10,0.29175512900171874,0.23425445571869868,0.0033063274280006162
0.2,3000,LDR2PE-CP,11,0.204532472753572,0.23425445571869868,0.0008833962713792806
0.2,3000,DRO-IPW,11,0.27737158471149786,0.23425445571869868,0.0018590868125816836
0.2,3000,LDR2PE-CP,12,0.18297695481456366,0.23425445571869868,0.002629382098973568
0.2,3000,DRO-IPW,12,0.24213256697780922,0.23425445571869868,6.206463701092413e-05
0.2,3000,LDR2PE-CP,13,0.25060691278994424,0.23425445571869868,0.00026740285226692866
0.2,3000,DRO-IPW,13,0.2860960105530644,0.23425445571869868,0.0026875468076445457
0.2,3000,LDR2PE-CP,14,0.23680519612733603,0.23425445571869868,6.506276632255395e-06
0.2,3000,DRO-IPW,14,0.28552603107714764,0.23425445571869868,0.0026287744397371095
0.2,3000,LDR2PE-CP,15,0.25522110877476206,0.23425445571869868,0.0004396005403733318
0.2,3000,DRO-IPW,15,0.285620040948208,0.23425445571869868,0.002638423345969983
0.2,3000,LDR2PE-CP,16,0.23482854252788088,0.23425445571869868,3.2957566447699386e-07
0.2,3000,DRO-IPW,16,0.265667426381621,0.23425445571869868,0.0009867747258696178
0.2,3000,LDR2PE-CP,17,0.20385971757760507,0.23425445571869868,0.0009238401066656508
0.2,3000,DRO-IPW,17,0.23023148026127838,0.23425445571869868,1.6184331531006135e-05
0.2,3000,LDR2PE-CP,18,0.20649681456848606,0.23425445571869868,0.0007704866422239769
0.2,3000,DRO-IPW,18,0.27023061155177003,0.23425445571869868,0.0012942837885254333
0.2,3000,LDR2PE-CP,19,0.24648189565389778,0.23425445571869868,0.00014951028736890157
0.2,3000,DRO-IPW,19,0.2718155026866477,0.23425445571869868,0.0014108322493284738
0.2,4000,LDR2PE-CP,0,0.22632271069328652,0.23425445571869868,6.291257914815059e-05
0.2,4000,DRO-IPW,0,0.2592924910225289,0.23425445571869868,0.0006269032118758473
0.2,4000,LDR2PE-CP,1,0.20813142258122613,0.23425445571869868,0.000682412860301489
0.2,4000,DRO-IPW,1,0.2615517812495928,0.23425445571869868,0.0007451439811396023
0.2,4000,LDR2PE-CP,2,0.243482810329202,0.23425445571869868,8.516252881719768e-05
0.2,4000,DRO-IPW,2,0.2970568845230014,0.23425445571869868,0.003944145063719509
0.2,4000,LDR2PE-CP,3,0.27290654243652746,0.23425445571869868,0.0014939838076425552
0.2,4000,DRO-IPW,3,0.31531996977215876,0.23425445571869868,0.006571617568751733
0.2,4000,LDR2PE-CP,4,0.21085474513757535,0.23425445571869868,0.0005475464552803353
0.2,4000,DRO-IPW,4,0.26181392343006643,0.23425445571869868,0.0007595242605339214
0.2,4000,LDR2PE-CP,5,0.21672096839023852,0.23425445571869868,0.00030742317789727306
0.2,4000,DRO-IPW,5,0.24980562052315297,0.23425445571869868,0.00024183872677529774
0.2,4000,LDR2PE-CP,6,0.25848193116462104,0.23425445571869868,0.0005869705664827705
0.2,4000,DRO-IPW,6,0.30053511954246115,0.23425445571869868,0.004393126396918614
0.2,4000,LDR2PE-CP,7,0.25121072430351216,0.23425445571869868,0.00028751504432033225
0.2,4000,DRO-IPW,7,0.2846278364153644,0.23425445571869868,0.002537477482811212
0.2,4000,LDR2PE-CP,8,0.23201828060734309,0.23425445571869868,5.000479128646223e-06
0.2,4000,DRO-IPW,8,0.27826513010638904,0.23425445571869868,0.0019369394600593035
0.2,4000,LDR2PE-CP,9,0.168197302407218,0.23425445571869868,0.004363547503616463
0.2,4000,DRO-IPW,9,0.21294493164449985,0.23425445571869868,0.00045409581626885986
0.2,4000,LDR2PE-CP,10,0.1926425388961565,0.23425445571869868,0.0017315516216461681
0.2,4000,DRO-IPW,10,0.24073810448490823,0.23425445571869868,4.2037701323570606e-05
0.2,4000,LDR2PE-CP,11,0.235045027768011,0.23425445571869868,6.250041651538836e-07
0.2,4000,DRO-IPW,11,0.27604093078073216,0.23425445571869868,0.001746109498109946
0.2,4000,LDR2PE-CP,12,0.2455631799635099,0.23425445571869868,0.00012788724404518107
0.2,4000,DRO-IPW,12,0.31501924411999116,0.23425445571869868,0.006522951045505547
0.2,4000,LDR2PE-CP,13,0.23349534349047946,0.23425445571869868,5.762513750319606e-07
0.2,4000,DRO-IPW,13,0.3058027383219568,0.23425445571869868,0.00511915674347569
0.2,4000,LDR2PE-CP,14,0.2347323220542945,0.23425445571869868,2.2835623469577913e-07
0.2,4000,DRO-IPW,14,0.27068697104196704,0.23425445571869868,0.0013273281727801834
0.2,4000,LDR2PE-CP,15,0.19237914262575723,0.23425445571869868,0.0017535418466318742
0.2,4000,DRO-IPW,15,0.2477155867992898,0.23425445571869868,0.00018120204996885584
0.2,4000,LDR2PE-CP,16,0.2844333683232905,0.23425445571869868,0.002517923270179266
0.2,4000,DRO-IPW,16,0.30514493341086385,0.23425445571869868,0.005025459827423367
0.2,4000,LDR2PE-CP,17,0.2275761277029803,0.23425445571869868,4.460006508552902e-05
0.2,4000,DRO-IPW,17,0.26887756947234365,0.23425445571869868,0.001198760005997839
0.2,4000,LDR2PE-CP,18,0.23987622974492256,0.23425445571869868,3.1604343201925454e-05
0.2,4000,DRO-IPW,18,0.2742246469061429,0.23425445571869868,0.0015976161835608432
0.2,4000,LDR2PE-CP,19,0.28379249947405366,0.23425445571869868,0.002454017779107464
0.2,4000,DRO-IPW,19,0.3153727194004142,0.23425445571869868,0.0065801727027363305
0.2,5000,LDR2PE-CP,0,0.243193168602447,0.23425445571869868,7.990058801808807e-05
0.2,5000,DRO-IPW,0,0.29118962416565425,0.23425445571869868,0.0032416134060832043
0.2,5000,LDR2PE-CP,1,0.29233100424305225,0.23425445571869868,0.0033728854885015946
0.2,5000,DRO-IPW,1,0.35366510393151357,0.23425445571869868,0.01425890290660463
0.2,5000,LDR2PE-CP,2,0.22351208462941569,0.23425445571869868,0.00011539853661986319
0.2,5000,DRO-IPW,2,0.27001161146305236,0.23425445571869868,0.001278574186925965
0.2,5000,LDR2PE-CP,3,0.23926513300726854,0.23425445571869868,2.510688689018974e-05
0.2,5000,DRO-IPW,3,0.2842623784766212,0.23425445571869868,0.002500792338562347
0.2,5000,LDR2PE-CP,4,0.2264982200999346,0.23425445571869868,6.015919097378485e-05
0.2,5000,DRO-IPW,4,0.2849641707011608,0.23425445571869868,0.002571475193602544
0.2,5000,LDR2PE-CP,5,0.2436674854590109,0.23425445571869868,8.860512889200229e-05
0.2,5000,DRO-IPW,5,0.2874531838337141,0.23425445571869868,0.0028301046730553315
0.2,5000,LDR2PE-CP,6,0.2122703814526471,0.23425445571869868,0.00048329952133527174
0.2,5000,DRO-IPW,6,0.26869641067421307,0.23425445571869868,0.001186248261157682
0.2,5000,LDR2PE-CP,7,0.1849801260503478,0.23425445571869868,0.0024279595642653236
0.2,5000,DRO-IPW,7,0.22464391106991577,0.23425445571869868,9.236256844624992e-05
0.2,5000,LDR2PE-CP,8,0.22456688164221444,0.23425445571869868,9.384909148736948e-05
0.2,5000,DRO-IPW,8,0.26305634440528886,0.23425445571869868,0.0008295487919147309
0.2,5000,LDR2PE-CP,9,0.2634888696960154,0.23425445571869868,0.0008546509605971325
0.2,5000,DRO-IPW,9,0.2791075343735033,0.23425445571869868,0.002011798664814087
0.2,5000,LDR2PE-CP,10,0.17642864084322313,0.23425445571869868,0.00334382486601277
0.2,5000,DRO-IPW,10,0.23876388374315127,0.23425445571869868,2.0334941107718375e-05
0.2,5000,LDR2PE-CP,11,0.20068854489206406,0.23425445571869868,0.0011266703696215876
0.2,5000,DRO-IPW,11,0.23699454756717503,0.23425445571869868,7.508103338086512e-06
0.2,5000,LDR2PE-CP,12,0.25454335664412037,0.23425445571869868,0.0004116395007615768
0.2,5000,DRO-IPW,12,0.286224304022903,0.23425445571869868,0.0027008651327620078
0.2,5000,LDR2PE-CP,13,0.24549095014682953,0.23425445571869868,0.00012625880703341562
0.2,5000,DRO-IPW,13,0.28370978082736825,0.23425445571869868,0.0024458291816042027
0.2,5000,LDR2PE-CP,14,0.25217870661545366,0.23425445571869868,0.00032127877020982163
0.2,5000,DRO-IPW,14,0.2782863556685481,0.23425445571869868,0.0019388082131935483
0.2,5000,LDR2PE-CP,15,0.22705870052464727,0.23425445571869868,5.177889281271787e-05
0.2,5000,DRO-IPW,15,0.2513775286247535,0.23425445571869868,0.0002931996257460681
0.2,5000,LDR2PE-CP,16,0.2254653107819768,0.23425445571869868,7.724906871870409e-05
0.2,5000,DRO-IPW,16,0.28743459819642314,0.23425445571869868,0.002828127553951073
0.2,5000,LDR2PE-CP,17,0.2530832708762818,0.23425445571869868,0.0003545242802384315
0.2,5000,DRO-IPW,17,0.29119344046792567,0.23425445571869868,0.003242047984272703
0.2,5000,LDR2PE-CP,18,0.22416635021804243,0.23425445571869868,0.00010176987259237094
0.2,5000,DRO-IPW,18,0.23816484054495457,0.23425445571869868,1.5291109489412277e-05
0.2,5000,LDR2PE-CP,19,0.2183704457024041,0.23425445571869868,0.00025230177419774657
0.2,5000,DRO-IPW,19,0.27004318835528424,0.23425445571869868,0.0012808333837330038
0.3,500,LDR2PE-CP,0,0.2405111066577919,0.12328703821841869,0.013741482221478857
0.3,500,DRO-IPW,0,0.19497349744701853,0.12328703821841869,0.005138948436733707
0.3,500,LDR2PE-CP,1,0.1901215703442402,0.12328703821841869,0.004466854684477469
0.3,500,DRO-IPW,1,0.15755809501843931,0.12328703821841869,0.00117450533419024
0.3,500,LDR2PE-CP,2,0.18607173425534124,0.12328703821841869,0.003941918056448758
0.3,500,DRO-IPW,2,0.18731302640845665,0.12328703821841869,0.004099327163710881
0.3,500,LDR2PE-CP,3,0.2125406254483161,0.12328703821841869,0.007966202833404904
0.3,500,DRO-IPW,3,0.18632002900156847,0.12328703821841869,0.003973157927068645
0.3,500,LDR2PE-CP,4,0.22759954211863737,0.12328703821841869,0.010881098469933136
0.3,500,DRO-IPW,4,0.20960176181448348,0.12328703821841869,0.007450231509465064
0.3,500,LDR2PE-CP,5,0.2130064010511954,0.12328703821841869,0.008049564067119434
0.3,500,DRO-IPW,5,0.17672726972505765,0.12328703821841869,0.002855858343483167
0.3,500,LDR2PE-CP,6,0.09671195731243365,0.12328703821841869,0.0007062349251596505
0.3,500,DRO-IPW,6,0.1365479177818435,0.12328703821841869,0.0001758509267956578
0.3,500,LDR2PE-CP,7,0.0803429872391786,0.12328703821841869,0.0018441915145075718
0.3,500,DRO-IPW,7,0.0930732139102741,0.12328703821841869,0.0009128751793234291
0.3,500,LDR2PE-CP,8,0.08237316859323363,0.12328703821841869,0.001673944727706641
0.3,500,DRO-IPW,8,0.11183709094435712,0.12328703821841869,0.00013110129257878992
0.3,500,LDR2PE-CP,9,0.12263702913782792,0.12328703821841869,4.225118048504493e-07
0.3,500,DRO-IPW,9,0.13999879000530774,0.12328703821841869,0.0002792826477865894
0.3,500,LDR2PE-CP,10,0.18044140605447434,0.12328703821841869,0.003266621762739153
0.3,500,DRO-IPW,10,0.15152043905899454,0.12328703821841869,0.0007971249230246291
0.3,500,LDR2PE-CP,11,0.25205806790047186,0.12328703821841869,0.01658197808537622
0.3,500,DRO-IPW,11,0.25894926715595784,0.12328703821841869,0.018404240360301284
0.3,500,LDR2PE-CP,12,0.1479133687583491,0.12328703821841869,0.0006064561558619091
0.3,500,DRO-IPW,12,0.18045982403814764,0.12328703821841869,0.0032687274383886
0.3,500,LDR2PE-CP,13,0.19494106106291326,0.12328703821841869,0.00513429898979935
0.3,500,DRO-IPW,13,0.17398200339998648,0.12328703821841869,0.002569979494760371
0.3,500,LDR2PE-CP,14,0.18677425864609443,0.12328703821841869,0.004030627157632288
0.3,500,DRO-IPW,14,0.1636496400827574,0.12328703821841869,0.0016291396292591187
0.3,500,LDR2PE-CP,15,0.19818267570713155,0.12328703821841869,0.005609356514840692
0.3,500,DRO-IPW,15,0.13661958419366776,0.12328703821841869,0.00017775678218213037
0.3,500,LDR2PE-CP,16,0.13995998170114698,0.12328703821841869,0.000277987044378252
0.3,500,DRO-IPW,16,0.15438495097751442,0.12328703821841869,0.0009670801779723294
0.3,500,LDR2PE-CP,17,0.2591239104087573,0.12328703821841869,0.018451655846454394
0.3,500,DRO-IPW,17,0.24082971036687112,0.12328703821841869,0.013816279775798575
0.3,500,LDR2PE-CP,18,0.20724509792438522,0.12328703821841869,0.007048955789590642
0.3,500,DRO-IPW,18,0.2417282005771978,0.12328703821841869,0.014028308940898673
0.3,500,LDR2PE-CP,19,0.14558625630117772,0.12328703821841869,0.0004972551271024473
0.3,500,DRO-IPW,19,0.16110843646460782,0.12328703821841869,0.0014304581652968382
0.3,1000,LDR2PE-CP,0,0.20644070939052528,0.12328703821841869,0.006914533029398831
0.3,1000,DRO-IPW,0,0.20476004701436706,0.12328703821841869,0.006637851162264682
0.3,1000,LDR2PE-CP,1,0.11999303693407093,0.12328703821841869,1.0850444461284682e-05
0.3,1000,DRO-IPW,1,0.19235254664025164,0.12328703821841869,0.0047700444535662785
0.3,1000,LDR2PE-CP,2,0.09000555543275457,0.12328703821841869,0.001107657096412457
0.3,1000,DRO-IPW,2,0.09453111557354749,0.12328703821841869,0.0008269030871578164
0.3,1000,LDR2PE-CP,3,0.1431565633963322,0.12328703821841869,0.00039479803079573914
0.3,1000,DRO-IPW,3,0.1443766036729781,0.12328703821841869,0.0004447697710621462
0.3,1000,LDR2PE-CP,4,0.10211876166953754,0.12328703821841869,0.0004480959320499116
0.3,1000,DRO-IPW,4,0.1262740475718248,0.12328703821841869,8.922224877335662e-06
0.3,1000,LDR2PE-CP,5,0.20375543736883844,0.12328703821841869,0.006475163261831275
0.3,1000,DRO-IPW,5,0.20606006171617258,0.12328703821841869,0.0068513734189597185
0.3,1000,LDR2PE-CP,6,0.12985988619050137,0.12328703821841869,4.320233046411146e-05
0.3,1000,DRO-IPW,6,0.1862134749613918,0.12328703821841869,0.003959736441167395
0.3,1000,LDR2PE-CP,7,0.06609633237944537,0.12328703821841869,0.0032707768343599765
0.3,1000,DRO-IPW,7,0.1345500904858658,0.12328703821841869,0.0001268563463792456
0.3,1000,LDR2PE-CP,8,0.14127917835234233,0.12328703821841869,0.0003237171065987458
0.3,1000,DRO-IPW,8,0.15698252976084515,0.12328703821841869,0.001135386150285733
0.3,1000,LDR2PE-CP,9,0.06240379060303128,0.12328703821841869,0.0037067698401965768
0.3,1000,DRO-IPW,9,0.10065537759503468,0.12328703821841869,0.0005121920625720303
0.3,1000,LDR2PE-CP,10,0.1397592079469236,0.12328703821841869,0.0002713323755646733
0.3,1000,DRO-IPW,10,0.16158548209382328,0.12328703821841869,0.001466770803277516
0.3,1000,LDR2PE-CP,11,0.12442330140903979,0.12328703821841869,1.2910940383604438e-06
0.3,1000,DRO-IPW,11,0.13528674323512285,0.12328703821841869,0.0001439929204879151
0.3,1000,LDR2PE-CP,12,0.10793612854506751,0.12328703821841869,0.00023565042779938672
0.3,1000,DRO-IPW,12,0.16704850434018975,0.12328703821841869,0.0019150659171269166
0.3,1000,LDR2PE-CP,13,0.16564782595322713,0.12328703821841869,0.0017944363375134978
0.3,1000,DRO-IPW,13,0.15635941570412393,0.12328703821841869,0.0010937821525569828
0.3,1000,LDR2PE-CP,14,0.10947224760828173,0.12328703821841869,0.00019084843960192837
0.3,1000,DRO-IPW,14,0.12405439304856342,0.12328703821841869,5.888334353464453e-07
0.3,1000,LDR2PE-CP,15,0.14548964572084,0.12328703821841869,0.0004929557799065751
0.3,1000,DRO-IPW,15,0.16846437237008965,0.12328703821841869,0.002040991521051736
0.3,1000,LDR2PE-CP,16,0.10832186647147235,0.12328703821841869,0.0002239563654156009
0.3,1000,DRO-IPW,16,0.1488693000007592,0.12328703821841869,0.0006544521179002004
0.3,1000,LDR2PE-CP,17,0.10326352714699288,0.12328703821841869,0.0004009409956275117
0.3,1000,DRO-IPW,17,0.09541150918647096,0.12328703821841869,0.0007770451188109608
0.3,1000,LDR2PE-CP,18,0.18330622067295427,0.12328703821841869,0.0036023022625108316
0.3,1000,DRO-IPW,18,0.21747248995489893,0.12328703821841869,0.008870899318804849
0.3,1000,LDR2PE-CP,19,0.2323343798018913,0.12328703821841869,0.011891322706422557
0.3,1000,DRO-IPW,19,0.21025186612882685,0.12328703821841869,0.007562881293486906
0.3,2000,LDR2PE-CP,0,0.07146665748438077,0.12328703821841869,0.002685351859420648
0.3,2000,DRO-IPW,0,0.12369119152800812,0.12328703821841869,1.6333989765208792e-07
0.3,2000,LDR2PE-CP,1,0.10559408690117639,0.12328703821841869,0.00031304052631430605
0.3,2000,DRO-IPW,1,0.15694578840047602,0.12328703821841869,0.0011329114638181442
0.3,2000,LDR2PE-CP,2,0.13089709864091303,0.12328703821841869,5.791301963401484e-05
0.3,2000,DRO-IPW,2,0.16968572331647447,0.12328703821841869,0.0021528379788285437
0.3,2000,LDR2PE-CP,3,0.17092597234928397,0.12328703821841869,0.0022694680451249213
0.3,2000,DRO-IPW,3,0.19902203900698967,0.12328703821841869,0.005735790344444848
0.3,2000,LDR2PE-CP,4,0.14128512904958168,0.12328703821841869,0.0003239312735667934
0.3,2000,DRO-IPW,4,0.15932936849171203,0.12328703821841869,0.0012990495715291578
0.3,2000,LDR2PE-CP,5,0.14806103951640726,0.12328703821841869,0.0006137511403127392
0.3,2000,DRO-IPW,5,0.16890344700846638,0.12328703821841869,0.0020808567509007403
0.3,2000,LDR2PE-CP,6,0.10982131885169583,0.12328703821841869,0.00018132559806333513
0.3,2000,DRO-IPW,6,0.12916187932490386,0.12328703821841869,3.451375802644794e-05
0.3,2000,LDR2PE-CP,7,0.08956461504072316,0.12328703821841869,0.0011372018249755764
0.3,2000,DRO-IPW,7,0.11768630223392113,0.12328703821841869,3.136824356804588e-05
0.3,2000,LDR2PE-CP,8,0.09380658285466675,0.12328703821841869,0.0008690972484541702
0.3,2000,DRO-IPW,8,0.12527238212148473,0.12328703821841869,3.941590413441494e-06
0.3,2000,LDR2PE-CP,9,0.09781998305433987,0.12328703821841869,0.0006485708987302338
0.3,2000,DRO-IPW,9,0.12800567736484414,0.12328703821841869,2.2265555394178718e-05
0.3,2000,LDR2PE-CP,10,0.105196390354929,0.12328703821841869,0.0003272715401207839
0.3,2000,DRO-IPW,10,0.14151499447531196,0.12328703821841869,0.00033225838930321465
0.3,2000,LDR2PE-CP,11,0.1262483944370586,0.12328703821841869,8.769630653677267e-06
0.3,2000,DRO-IPW,11,0.16149163166705993,0.12328703821841869,0.0014595909605759614
0.3,2000,LDR2PE-CP,12,0.09692775297471729,0.12328703821841869,0.0006948119185588146
0.3,2000,DRO-IPW,12,0.13813925380328257,0.12328703821841869,0.00022058830777927358
0.3,2000,LDR2PE-CP,13,0.12089637539368714,0.12328703821841869,5.715268741553428e-06
0.3,2000,DRO-IPW,13,0.1413273447886208,0.12328703821841869,0.00032545266114687753
0.3,2000,LDR2PE-CP,14,0.14480384508308997,0.12328703821841869,0.00046297297765156504
0.3,2000,DRO-IPW,14,0.18912646795530969,0.12328703821841869,0.004334830508079006
0.3,2000,LDR2PE-CP,15,0.15880105839988057,0.12328703821841869,0.0012612456294492818
0.3,2000,DRO-IPW,15,0.16797385503180562,0.12328703821841869,0.001996911596913201
0.3,2000,LDR2PE-CP,16,0.13613080310099146,0.12328703821841869,0.0001649622963588096
0.3,2000,DRO-IPW,16,0.14322394458338028,0.12328703821841869,0.0003974802354052461
0.3,2000,LDR2PE-CP,17,0.11470194004430351,0.12328703821841869,7.370391065919579e-05
0.3,2000,DRO-IPW,17,0.13004060305560527,0.12328703821841869,4.56106380100831e-05
0.3,2000,LDR2PE-CP,18,0.13404490090054766,0.12328703821841869,0.00011573160948754315
0.3,2000,DRO-IPW,18,0.15617431587203234,0.12328703821841869,0.001081573031465876
0.3,2000,LDR2PE-CP,19,0.1267960583649394,0.12328703821841869,1.2313222388688252e-05
0.3,2000,DRO-IPW,19,0.15594091183072328,0.12328703821841869,0.0010662754618883624
0.3,3000,LDR2PE-CP,0,0.12952351955859132,0.12328703821841869,3.889369950632138e-05
0.3,3000,DRO-IPW,0,0.171044051820187,0.12328703821841869,0.002280732348159484
0.3,3000,LDR2PE-CP,1,0.11933060189850053,0.12328703821841869,1.5653388353567516e-05
0.3,3000,DRO-IPW,1,0.16378886170105578,0.12328703821841869,0.0016403977054186931
0.3,3000,LDR2PE-CP,2,0.11670559412672527,0.12328703821841869,4.331540633208626e-05
0.3,3000,DRO-IPW,2,0.15429662025608076,0.12328703821841869,0.0009615941781504944
0.3,3000,LDR2PE-CP,3,0.09492918907016645,0.12328703821841869,0.00080416760831503
0.3,3000,DRO-IPW,3,0.12349755473139001,0.12328703821841869,4.431720223360647e-08
0.3,3000,LDR2PE-CP,4,0.13395116255622969,0.12328703821841869,0.00011372354789229286
0.3,3000,DRO-IPW,4,0.18777041564976643,0.12328703821841869,0.004158105964953648
0.3,3000,LDR2PE-CP,5,0.11181491563809448,0.12328703821841869,0.00013160959649798453
0.3,3000,DRO-IPW,5,0.14631548997433008,0.12328703821841869,0.0005303095902743386
0.3,3000,LDR2PE-CP,6,0.09712651680610074,0.12328703821841869,0.000684372880564346
0.3,3000,DRO-IPW,6,0.15223757641590663,0.12328703821841869,0.0008381336619242083
0.3,3000,LDR2PE-CP,7,0.11784359217350782,0.12328703821841869,2.9631104843855807e-05
0.3,3000,DRO-IPW,7,0.1380830945075831,0.12328703821841869,0.00021892328171212188
0.3,3000,LDR2PE-CP,8,0.13037061922995075,0.12328703821841869,5.017711994693754e-05
0.3,3000,DRO-IPW,8,0.1617581749814086,0.12328703821841869,0.0014800283638366739
0.3,3000,LDR2PE-CP,9,0.1110095510477378,0.12328703821841869,0.00015073669122623383
0.3,3000,DRO-IPW,9,0.14625523260794454,0.12328703821841869,0.0005275379535150469
0.3,3000,LDR2PE-CP,10,0.1409800695673069,0.12328703821841869,0.0003130433583127414
0.3,3000,DRO-IPW,10,0.1717783520659829,0.12328703821841869,0.0023514075186629735
0.3,3000,LDR2PE-CP,11,0.10351963461066638,0.12328703821841869,0.00039075024539177904
0.3,3000,DRO-IPW,11,0.12920538559684852,0.12328703821841869,3.5026835691767285e-05
0.3,3000,LDR2PE-CP,12,0.13826107142035426,0.12328703821841869,0.00022422167033266902
0.3,3000,DRO-IPW,12,0.168742940836978,0.12328703821841869,0.002066239082867947
0.3,3000,LDR2PE-CP,13,0.1284937979670993,0.12328703821841869,2.7110347080480702e-05
0.3,3000,DRO-IPW,13,0.14587608174386624,0.12328703821841869,0.0005102648873945638
0.3,3000,LDR2PE-CP,14,0.15102138728554826,0.12328703821841869,0.0007691941181773909
0.3,3000,DRO-IPW,14,0.18199732617115055,0.12328703821841869,0.0034468979114926925
0.3,3000,LDR2PE-CP,15,0.11034396771158089,0.12328703821841869,0.00016752307414497438
0.3,3000,DRO-IPW,15,0.15026773040055386,0.12328703821841869,0.0007279577506271298
0.3,3000,LDR2PE-CP,16,0.08040088145279095,0.12328703821841869,0.0018392224421259977
0.3,3000,DRO-IPW,16,0.11104642621449318,0.12328703821841869,0.0001498325822306453
0.3,3000,LDR2PE-CP,17,0.12339895455882882,0.12328703821841869,1.252526725079704e-08
0.3,3000,DRO-IPW,17,0.15956701083889208,0.12328703821841869,0.0013162364133422987
0.3,3000,LDR2PE-CP,18,0.10152331665707837,0.12328703821841869,0.0004736595761995496
0.3,3000,DRO-IPW,18,0.1401605192181809,0.12328703821841869,0.0002847143610493364
0.3,3000,LDR2PE-CP,19,0.1264407726794224,0.12328703821841869,9.946041050522291e-06
0.3,3000,DRO-IPW,19,0.17380346999586088,0.12328703821841869,0.0025519098795249717
0.3,4000,LDR2PE-CP,0,0.1221937996220136,0.12328703821841869,1.1951706286697678e-06
0.3,4000,DRO-IPW,0,0.15762069363103998,0.12328703821841869,0.0011787998939926192
0.3,4000,LDR2PE-CP,1,0.13145244644954024,0.12328703821841869,6.667389158086758e-05
0.3,4000,DRO-IPW,1,0.14690515167449253,0.12328703821841869,0.0005578152832239763
0.3,4000,LDR2PE-CP,2,0.153125975084887,0.12328703821841869,0.0008903621533210825
0.3,4000,DRO-IPW,2,0.20143244835464985,0.12328703821841869,0.00610670512535978
0.3,4000,LDR2PE-CP,3,0.12878619090124227,0.12328703821841869,3.0240680229005805e-05
0.3,4000,DRO-IPW,3,0.16545548429023516,0.12328703821841869,0.0017781778441116937
0.3,4000,LDR2PE-CP,4,0.09014143897101157,0.12328703821841869,0.0010986307494697154
0.3,4000,DRO-IPW,4,0.12097017224945228,0.12328703821841869,5.3678679181546544e-06
0.3,4000,LDR2PE-CP,5,0.13383975980361307,0.12328703821841869,0.0001113599328546274
0.3,4000,DRO-IPW,5,0.16750008438486053,0.12328703821841869,0.001954793451315917
0.3,4000,LDR2PE-CP,6,0.14054627059190816,0.12328703821841869,0.0002978811021221071
0.3,4000,DRO-IPW,6,0.16572626117521938,0.12328703821841869,0.001801087645177039
0.3,4000,LDR2PE-CP,7,0.12200607979672334,0.12328703821841869,1.6408544781122269e-06
0.3,4000,DRO-IPW,7,0.15283599234681078,0.12328703821841869,0.00087314069008182
0.3,4000,LDR2PE-CP,8,0.11435494441804744,0.12328703821841869,7.97822996586304e-05
0.3,4000,DRO-IPW,8,0.15338174399541793,0.12328703821841869,0.0009056913158041515
0.3,4000,LDR2PE-CP,9,0.13584736120836238,0.12328703821841869,0.00015776171361170813
0.3,4000,DRO-IPW,9,0.1791252839285591,0.12328703821841869,0.0031179096839860127
0.3,4000,LDR2PE-CP,10,0.11704806217979058,0.12328703821841869,3.892482201057568e-05
0.3,4000,DRO-IPW,10,0.16514476508810688,0.12328703821841869,0.001752069298697417
0.3,4000,LDR2PE-CP,11,0.10535711051859525,0.12328703821841869,0.00032148230732089567
0.3,4000,DRO-IPW,11,0.13082307563966145,0.12328703821841869,5.6791860014371206e-05
0.3,4000,LDR2PE-CP,12,0.10150587406220352,0.12328703821841869,0.00047441911199999257
0.3,4000,DRO-IPW,12,0.13989528032031612,0.12328703821841869,0.0002758337057152384
0.3,4000,LDR2PE-CP,13,0.11620764989854382,0.12328703821841869,5.0117738983580717e-05
0.3,4000,DRO-IPW,13,0.1467727262404026,0.12328703821841869,0.0005515775418659589
0.3,4000,LDR2PE-CP,14,0.16341122611447528,0.12328703821841869,0.0016099504543180547
0.3,4000,DRO-IPW,14,0.17153540854913046,0.12328703821841869,0.0023279052395695082
0.3,4000,LDR2PE-CP,15,0.09542962804298455,0.12328703821841869,0.0007760353016823814
0.3,4000,DRO-IPW,15,0.12632244748791838,0.12328703821841869,9.213709433364637e-06
0.3,4000,LDR2PE-CP,16,0.13437828673740282,0.12328703821841869,0.0001230157937098677
0.3,4000,DRO-IPW,16,0.19760020026728659,0.12328703821841869,0.0055224460537013
0.3,4000,LDR2PE-CP,17,0.12019006700908802,0.12328703821841869,9.591230671423059e-06
0.3,4000,DRO-IPW,17,0.15291538867803756,0.12328703821841869,0.0008778391509579976
0.3,4000,LDR2PE-CP,18,0.10380556214758518,0.12328703821841869,0.0003795279098984584
0.3,4000,DRO-IPW,18,0.14591190341481447,0.12328703821841869,0.0005118845251550812
0.3,4000,LDR2PE-CP,19,0.07844612376501967,0.12328703821841869,0.0020107076090170495
0.3,4000,DRO-IPW,19,0.1326879008943474,0.12328703821841869,8.837621905166954e-05
0.3,5000,LDR2PE-CP,0,0.09457875623879608,0.12328703821841869,0.0008241654542215242
0.3,5000,DRO-IPW,0,0.13858024168218935,0.12328703821841869,0.0002338820721842871
0.3,5000,LDR2PE-CP,1,0.12703548409621257,0.12328703821841869,1.4050846498749949e-05
0.3,5000,DRO-IPW,1,0.1619172594188069,0.12328703821841869,0.0014922939899909239
0.3,5000,LDR2PE-CP,2,0.12535224885287,0.12328703821841869,4.265094964650777e-06
0.3,5000,DRO-IPW,2,0.1406010203875725,0.12328703821841869,0.00029977397855377596
0.3,5000,LDR2PE-CP,3,0.11618510249501762,0.12328703821841869,5.0437491019320206e-05
0.3,5000,DRO-IPW,3,0.1570520632411832,0.12328703821841869,0.0011400769147879139
0.3,5000,LDR2PE-CP,4,0.14504364662064778,0.12328703821841869,0.00047335000916794563
0.3,5000,DRO-IPW,4,0.16060826758626245,0.12328703821841869,0.001392874161527204
0.3,5000,LDR2PE-CP,5,0.1302587514481759,0.12328703821841869,4.860478535797162e-05
0.3,5000,DRO-IPW,5,0.16927753696365533,0.12328703821841869,0.002115125974835613
0.3,5000,LDR2PE-CP,6,0.1180203348914432,0.12328703821841869,2.773816393437465e-05
0.3,5000,DRO-IPW,6,0.13488052949130674,0.12328703821841869,0.00013440903989453155
0.3,5000,LDR2PE-CP,7,0.12748537009900213,0.12328703821841869,1.7625990579523276e-05
0.3,5000,DRO-IPW,7,0.1691211527393131,0.12328703821841869,0.002100766053914465
0.3,5000,LDR2PE-CP,8,0.1119214531749968,0.12328703821841869,0.00012917652337925532
0.3,5000,DRO-IPW,8,0.12992327467957882,0.12328703821841869,4.403963436843109e-05
0.3,5000,LDR2PE-CP,9,0.11072759177854458,0.12328703821841869,0.0001577396948760665
0.3,5000,DRO-IPW,9,0.1400485058872596,0.12328703821841869,0.00028094679841359887
0.3,5000,LDR2PE-CP,10,0.13118710299693653,0.12328703821841869,6.241102350477822e-05
0.3,5000,DRO-IPW,10,0.14671562220725076,0.12328703821841869,0.0005488985477217586
0.3,5000,LDR2PE-CP,11,0.07859460293553683,0.12328703821841869,0.0019974137715145835
0.3,5000,DRO-IPW,11,0.10660541123571937,0.12328703821841869,0.0002782766787899219
0.3,5000,LDR2PE-CP,12,0.11082628330425937,0.12328703821841869,0.0001552704130307457
0.3,5000,DRO-IPW,12,0.14579701038244275,0.12328703821841869,0.0005066988468251381
0.3,5000,LDR2PE-CP,13,0.1382469414149245,0.12328703821841869,0.0002237987036488247
0.3,5000,DRO-IPW,13,0.17133767043103593,0.12328703821841869,0.0023088632560322093
0.3,5000,LDR2PE-CP,14,0.13028613847761278,0.12328703821841869,4.898740443825079e-05
0.3,5000,DRO-IPW,14,0.15968900227359684,0.12328703821841869,0.001325102987074482
0.3,5000,LDR2PE-CP,15,0.11781367903387635,0.12328703821841869,2.9957660763013954e-05
0.3,5000,DRO-IPW,15,0.13118295465542928,0.12328703821841869,6.234549638025412e-05
0.3,5000,LDR2PE-CP,16,0.12972781149748053,0.12328703821841869,4.1483560432277004e-05
0.3,5000,DRO-IPW,16,0.174448449539927,0.12328703821841869,0.0026174900084085587
0.3,5000,LDR2PE-CP,17,0.1335497652451269,0.12328703821841869,0.0001053235660247273
0.3,5000,DRO-IPW,17,0.1633417384865697,0.12328703821841869,0.0016043790135714159
0.3,5000,LDR2PE-CP,18,0.14705816018090845,0.12328703821841869,0.0005650662393555631
0.3,5000,DRO-IPW,18,0.1916153064579929,0.12328703821841869,0.004668752240619207
0.3,5000,LDR2PE-CP,19,0.1561322972529764,0.12328703821841869,0.0010788110410471946
0.3,5000,DRO-IPW,19,0.19006156512637523,0.12328703821841869,0.004458837443781413
